,Nearest Neighbors,Linear SVM,RBF SVM,Decision Tree,Random Forest,Neural Net,AdaBoost,Naive Bayes,QDA,XGBoost
0,0.7716262975778547,0.8327566320645905,0.831603229527105,0.7946943483275664,0.8304498269896193,0.8500576701268743,0.43252595155709345,0.8062283737024222,0.7185697808535179,0.8869665513264129
