,Nearest Neighbors,Linear SVM,RBF SVM,Decision Tree,Random Forest,Neural Net,AdaBoost,Naive Bayes,QDA,XGBoost
0,0.7462514417531718,0.7693194925028836,0.8373702422145328,0.6274509803921569,0.839677047289504,0.8500576701268743,0.41522491349480967,0.8016147635524798,0.7185697808535179,0.9284890426758939
